"genes"	"logFC"	"logCPM"	"LR"	"PValue"	"FDR"	"unique"
"hsa-miR-122-5p"	3.88950985722435	8.01422944110907	72.5064406970236	1.66487713434469e-17	9.58969229382541e-15	FALSE
"hsa-miR-146b-5p"	-1.18918140246106	7.69900058554852	38.5135610753228	5.43745484034351e-10	1.56598699401893e-07	FALSE
"hsa-miR-99a-5p"	-1.13531643311597	7.59742668043698	31.9515153212978	1.580690185579e-08	3.03492515631168e-06	FALSE
"hsa-miR-223-3p"	2.9916053083437	0.876780915234866	26.1769451750123	3.1151966082858e-07	4.48588311593156e-05	TRUE
"hsa-miR-184"	2.09894598832627	0.591860678148213	25.1431319508686	5.32288866853056e-07	6.13196774614721e-05	FALSE
"hsa-miR-3065-5p"	1.74823811220611	4.664400025218	24.7618849319291	6.48675804770369e-07	6.22728772579554e-05	FALSE
"hsa-miR-451a"	3.06661380427569	-0.410753834454345	23.0553233769123	1.57406078315941e-06	0.000129522715871403	TRUE
"hsa-miR-23a-5p"	1.33530777735687	2.54123903228838	21.6542416552235	3.26487245364021e-06	0.000220890151458227	FALSE
"hsa-miR-15a-5p"	-0.847821942477303	7.62626034758887	21.5476749548037	3.4514086165348e-06	0.000220890151458227	FALSE
"hsa-miR-1275"	1.6074030112479	2.69390724875014	20.9061933454103	4.82332597563851e-06	0.000277823576196778	FALSE
"hsa-miR-181b-5p"	0.84679292182543	8.33383234718728	19.1122663704479	1.23250199576537e-05	0.000604811292384408	FALSE
"hsa-miR-660-5p"	-1.10506709622233	6.98270505414756	19.0701190548499	1.26002352580085e-05	0.000604811292384408	FALSE
"hsa-miR-6724-5p"	1.68099595783705	2.64079336139352	18.7347675800643	1.50218475954074e-05	0.000665583401150357	FALSE
"hsa-miR-204-5p"	-1.00292993665162	6.47068635235642	17.1596625739127	3.43656801364896e-05	0.00141390226847272	FALSE
"hsa-miR-210-3p"	0.86964050718757	6.62243964404495	16.4118888937187	5.09645687127821e-05	0.00195703943857083	FALSE
"hsa-miR-183-5p"	1.65353166388118	3.1084480016389	15.7363853745391	7.28100698011374e-05	0.00262116251284095	FALSE
"hsa-miR-142-5p"	1.79433406949089	0.330245493602143	15.5587730495317	7.99796482602526e-05	0.00270989867046503	TRUE
"hsa-miR-3065-3p"	1.63401490815163	1.9933399926805	15.1287330550804	0.000100423155835981	0.00321354098675139	FALSE
"hsa-miR-6529-5p"	3.75331932353849	-0.0227521176831361	13.7321432198487	0.000210815479365832	0.00639103769024838	TRUE
"hsa-miR-378a-3p"	-0.803346284925553	6.5122060870249	13.1044064840572	0.000294601996136431	0.00848453748872922	FALSE
"hsa-miR-708-5p"	0.854981213213994	8.22538809688228	12.8995277530788	0.000328665049389769	0.00901481278326224	FALSE
"hsa-miR-19b-3p"	-0.755266961091094	8.98664055431742	12.7970166625162	0.000347172538239338	0.00908960827390266	FALSE
"hsa-miR-218-5p"	-0.692895852688477	11.1292348052128	12.3996047967613	0.00042942472303553	0.0103528269908227	FALSE
"hsa-miR-101-3p"	-0.693320051627015	10.8844565455271	12.3911747033324	0.000431367791284277	0.0103528269908227	FALSE
"hsa-miR-24-2-5p"	0.747219254207552	3.78868513514315	11.807342746482	0.000589975763175768	0.0135930415835697	FALSE
"hsa-miR-129-5p"	0.878824592521757	5.08237125420716	11.3305583191314	0.000762419750319191	0.0168905298532252	FALSE
"hsa-miR-30b-5p"	-0.73019401756377	7.29717608676461	10.9347562201981	0.000943769022786038	0.0201337391527688	FALSE
"hsa-miR-335-5p"	-1.02805262276804	9.87769353070579	10.8133911963415	0.00100768551754127	0.0207295306465633	FALSE
"hsa-miR-20a-5p"	-0.622116727329028	8.47150486415696	10.6888036979863	0.0010778588477093	0.0214085067682951	FALSE
"hsa-miR-29b-3p"	-0.803310009372951	13.9821895775669	10.5376059162718	0.00116969839368663	0.0224582091587832	FALSE
"hsa-miR-452-3p"	-0.789889279701215	2.98292351999592	10.4372542183496	0.00123498727621526	0.0229468603580642	FALSE
"hsa-miR-551a"	-1.80532854693379	1.58362071544616	10.1548197972693	0.00143924463621556	0.0258809492284729	TRUE
"hsa-miR-10395-5p"	1.23870670199923	7.1173095264441	10.0999136537428	0.00148276271621459	0.0258809492284729	FALSE
"hsa-miR-10395-3p"	1.23749614691415	7.11593983621633	9.99773057976873	0.00156733255283311	0.0265524573656433	FALSE
"hsa-miR-146b-3p"	-1.15536193298623	1.95684941180582	9.71629323308644	0.00182641514227193	0.0298993015892498	FALSE
"hsa-miR-19a-3p"	-0.725399149056765	5.50326723027242	9.67422937480327	0.00186870634932811	0.0298993015892498	FALSE
"hsa-let-7e-5p"	0.526102108128465	12.9796328736379	9.61087308779838	0.00193428657720194	0.0301121369856303	FALSE
"hsa-miR-99b-3p"	0.616974607867557	6.77521163719165	9.49990178279077	0.00205482896502969	0.031053715934733	FALSE
"hsa-miR-182-5p"	1.24995544625582	4.25785286054901	9.43934317875773	0.00212379541057113	0.031053715934733	FALSE
"hsa-miR-335-3p"	-1.03354664585288	4.3520462451762	9.4017529613783	0.00216778083246278	0.031053715934733	FALSE
"hsa-miR-125a-3p"	0.643708150320365	4.76850861813738	9.36604390104625	0.0022104207522987	0.031053715934733	FALSE
"hsa-miR-195-5p"	-0.654913712964118	6.51922043240439	9.2816463623586	0.00231461297985091	0.0317432637236696	FALSE
"hsa-miR-378c"	-1.00830876620861	2.07532100625924	9.17025084210479	0.00245980851953561	0.0323939100488508	FALSE
"hsa-miR-29a-3p"	-0.488669801261965	14.2371628680438	9.15932758587383	0.00247453479539833	0.0323939100488508	FALSE
"hsa-miR-340-5p"	-0.686827585061608	6.49357206884138	8.98684428904125	0.00271930196714937	0.034807065179512	FALSE
"hsa-miR-9985"	-0.810111274097289	1.93639704465376	8.82530869466062	0.00297081133308224	0.037199724518595	FALSE
"hsa-miR-642a-5p"	1.72789337561217	0.558773110040896	8.64154203628757	0.0032858319725648	0.0402689194935601	FALSE
"hsa-miR-502-3p"	-0.61584305227392	4.95116432589646	8.48083230435452	0.00358907860352439	0.0430689432422926	FALSE
"hsa-miR-495-3p"	0.779539891625606	3.73954741387934	8.30923575043812	0.00394439849681452	0.0456776994042494	FALSE
"hsa-miR-29c-3p"	-0.720996334894675	10.8622068197074	8.29973880458351	0.00396507807328553	0.0456776994042494	FALSE
"hsa-miR-146a-5p"	0.838633525358786	11.3882430074177	8.15815934931816	0.00428678562802261	0.0484154612106083	FALSE
"hsa-miR-432-5p"	0.617948498834508	9.59455649777358	8.09754984117872	0.00443251366836847	0.0490986129419277	FALSE
"hsa-miR-10401-3p"	0.754460043161981	4.18348149973186	8.01425524917558	0.00464105559786392	0.050185917641769	FALSE
"hsa-miR-1179"	-0.749759477776158	2.24797108067719	7.9810945970133	0.00472683532560401	0.050185917641769	FALSE
"hsa-miR-549a-3p"	-0.983798047089118	1.27774861502787	7.95628849448264	0.00479205810815502	0.050185917641769	FALSE
"hsa-miR-651-5p"	-1.18388631368808	1.63244981775991	7.91080926063156	0.00491402820453654	0.0505442901038044	FALSE
"hsa-miR-502-5p"	-0.935289040129293	1.24649926816614	7.8752678666957	0.00501154474849147	0.0506429785110717	FALSE
"hsa-miR-744-5p"	0.534005908866673	7.85028263066925	7.80007477642459	0.00522440723302627	0.0518837683831574	FALSE
"hsa-miR-26a-1-3p"	-0.717262451799232	3.78428202911396	7.7408944267215	0.0053984055141289	0.0520664345627107	FALSE
"hsa-miR-99b-5p"	0.470564747739276	11.6515951321682	7.70775381775218	0.00549841268447387	0.0520664345627107	FALSE
"hsa-miR-543"	0.838320815619481	3.86994862216405	7.70265040990271	0.00551398004917596	0.0520664345627107	FALSE
"hsa-miR-18a-5p"	-0.666102202478541	4.35488701106442	7.53043447926335	0.00606652753667463	0.056359997760074	FALSE
"hsa-miR-26a-5p"	-0.436098679277819	13.6713577465688	7.43885018899709	0.0063830657942921	0.0583594586906706	FALSE
"hsa-miR-378a-5p"	-0.570966224619406	4.69219464660901	7.36721203075484	0.0066423837981849	0.0597814541836641	FALSE
"hsa-miR-532-5p"	-0.497597071114284	8.04301983218473	7.2633471230609	0.00703760073238884	0.0621152585005833	FALSE
"hsa-miR-181a-5p"	0.479421426126702	9.9644309384791	7.24310643710567	0.0071173733698585	0.0621152585005833	FALSE
"hsa-miR-6716-3p"	0.942284249950026	0.700563689404089	7.02129485389927	0.00805459630675701	0.0692454846670453	FALSE
"hsa-miR-1307-3p"	0.461825779390552	7.13420608944381	6.77003186917096	0.00927011795074071	0.0776313530315535	FALSE
"hsa-miR-10401-5p"	1.08704597200851	2.23193004615558	6.7643672466495	0.00929958916523818	0.0776313530315535	FALSE
"hsa-miR-362-5p"	-0.534406840611459	4.65288794927704	6.57364609205997	0.010349970381397	0.0849838006419029	FALSE
"hsa-miR-3679-5p"	0.918923797845078	1.74748538922786	6.55220367197061	0.010475433759679	0.0849838006419029	FALSE
"hsa-miR-142-3p"	0.934952639699457	1.37650029532469	6.36141992842622	0.0116628172353284	0.0933025378826276	FALSE
"hsa-miR-181a-2-3p"	0.565438712079517	6.5863767800093	6.31838563989549	0.0119492367751919	0.0940707371166885	FALSE
"hsa-miR-412-5p"	1.12349746151621	5.40593724404772	6.29828607139745	0.0120854766434635	0.0940707371166885	FALSE
"hsa-miR-139-5p"	1.45317806035798	1.21261011932233	6.24703795824689	0.0124401163247273	0.0949842110057059	FALSE
"hsa-miR-548a-3p"	-0.599166447714567	4.60182302083467	6.23391451292514	0.0125326389521417	0.0949842110057059	FALSE
"hsa-miR-4683"	-1.40230151434274	0.0787111672838098	6.18415209402905	0.0128899453443398	0.0964234872511653	TRUE
"hsa-miR-574-3p"	0.422057465116259	10.0177832427065	5.87870939589773	0.0153250510121694	0.113169607474482	FALSE
"hsa-miR-29c-5p"	-0.491841887271437	7.8429179330752	5.75820803761508	0.0164118015420002	0.11966073023028	FALSE
"hsa-miR-139-3p"	1.50249636141699	0.276783119776303	5.64135609186361	0.0175416341054969	0.126299765559578	TRUE
"hsa-miR-374a-3p"	-0.542030800919386	5.15240991841943	5.4602592459893	0.0194537602945333	0.137753930595067	FALSE
"hsa-miR-181b-3p"	0.839186828765291	2.39501750225457	5.44621211744778	0.0196108026194366	0.137753930595067	FALSE
"hsa-miR-21-5p"	-0.371183267235707	15.5132549165717	5.37865097789199	0.0203846345400397	0.141464451747745	FALSE
"hsa-miR-2116-5p"	-0.810216022363782	1.51415746267538	5.34454368699725	0.0207872235368717	0.142540961395692	FALSE
"hsa-miR-1-3p"	-0.63275000249741	6.49408807195378	5.19751267540318	0.0226192324261389	0.153278563264189	FALSE
"hsa-miR-1294"	0.76630562975203	1.67438717916656	5.04275520040395	0.0247291288880909	0.165627653948144	FALSE
"hsa-miR-584-5p"	0.448760832894495	5.84092700325961	4.97915575471121	0.0256544996131546	0.169850480197437	FALSE
"hsa-miR-7706"	0.64242312332115	2.84687554262365	4.94728795022717	0.026131630398912	0.170270659809052	FALSE
"hsa-miR-500b-5p"	-0.484371209703961	3.89181271006237	4.93558329031255	0.0263091818107737	0.170270659809052	FALSE
"hsa-miR-30d-3p"	-0.556234944400789	2.45204065987407	4.77246380620337	0.0289184122305479	0.182000542608427	FALSE
"hsa-miR-125a-5p"	0.360770285123893	13.608173828702	4.75111388414587	0.0292793357505736	0.182000542608427	FALSE
"hsa-miR-365a-5p"	0.676203373616254	1.51895410647845	4.74742229286684	0.0293422168271055	0.182000542608427	FALSE
"hsa-miR-34b-5p"	-0.78641291340385	2.63570747521682	4.74313378715242	0.0294154421545295	0.182000542608427	FALSE
"hsa-miR-320a-3p"	0.3511012171377	9.64211656490475	4.71422338760225	0.0299140747225023	0.182000542608427	FALSE
"hsa-miR-516a-5p"	1.87964952280159	0.107368830155763	4.70829257739194	0.0300174506038204	0.182000542608427	TRUE
"hsa-miR-193b-5p"	0.521929505973537	4.4138136205546	4.68494438757775	0.0304280485249614	0.182568291149768	FALSE
"hsa-miR-585-3p"	-0.87537999333908	3.13491486622262	4.5620979302221	0.0326870098599805	0.194100182261327	FALSE
"hsa-miR-181a-3p"	0.445839099101334	6.30699879178036	4.53001736473954	0.0333052797775926	0.195753481141769	FALSE
"hsa-miR-21-3p"	0.543698076166586	8.46286248366295	4.50228197753958	0.0338496523403865	0.196943431798612	FALSE
"hsa-miR-200c-3p"	0.76806984560825	2.99597463558723	4.4844825174874	0.0342038999578114	0.197014463756993	FALSE
"hsa-miR-374b-5p"	-0.491647586142953	7.53070772840463	4.44627652935755	0.0349774314960675	0.199475252888464	FALSE
"hsa-miR-500b-3p"	-0.830907166809073	0.539396043516761	4.41646097275623	0.0355937865973036	0.201000206667126	FALSE
"hsa-miR-218-1-3p"	-0.696390879034766	3.84878107447509	4.39459475279851	0.03605302697042	0.201616927523902	FALSE
"hsa-let-7d-3p"	0.528474884208734	6.00381862885116	4.36817211231112	0.0366162500208881	0.20279769242338	FALSE
"hsa-miR-500a-5p"	-0.448756957151048	3.92133265786499	4.2959198029591	0.038203925503683	0.209575819905918	FALSE
"hsa-miR-15a-3p"	-0.88274124158896	0.791593797591709	4.27494421607967	0.0386782334376967	0.210176060944465	FALSE
"hsa-miR-143-5p"	0.405402543332489	8.99296038424796	4.19646581141175	0.0405083190118016	0.218063474306521	FALSE
"hsa-miR-143-3p"	-0.336907910209503	13.9696236058445	4.13935107245788	0.0418972278629586	0.223451881935779	FALSE
"hsa-miR-326"	-0.913083088151708	2.54086375873022	4.11822229053573	0.0424236353054336	0.224183614091099	FALSE
"hsa-miR-16-5p"	-0.33115959298787	15.1957959519566	4.07279087391726	0.0435792156420858	0.226924832683356	FALSE
"hsa-miR-93-3p"	-0.456547691794276	4.1118893567268	4.03866240737957	0.0444690547352323	0.226924832683356	FALSE
"hsa-miR-497-5p"	-0.500289315857873	5.59659626430444	4.02875050946661	0.0447310583357245	0.226924832683356	FALSE
"hsa-miR-409-3p"	0.437807918302688	10.6646092575755	4.02306324100954	0.044882124641175	0.226924832683356	FALSE
"hsa-miR-3117-3p"	-0.534366549077162	3.00028686367991	4.02193314210897	0.0449122064685809	0.226924832683356	FALSE
"hsa-miR-5187-5p"	0.763985653604825	0.514684406881725	3.9983595281148	0.0455445719388135	0.228118899450057	TRUE
"hsa-miR-20a-3p"	-0.649675174622804	2.1742685493859	3.91325581698344	0.0479067023469134	0.237881556481225	FALSE
"hsa-miR-3187-3p"	0.796654578583913	0.640644746953281	3.85323132700105	0.0496502488593575	0.240012927536714	FALSE
"hsa-miR-125b-2-3p"	-0.515858292731843	4.09766861704103	3.85032704944502	0.049736291619898	0.240012927536714	FALSE
"hsa-miR-590-3p"	-0.52823296976086	7.04250276359678	3.83710446460847	0.0501300228715056	0.240012927536714	FALSE
"hsa-miR-136-3p"	-0.572413212964173	6.00480956243189	3.83022442508297	0.0503361924880494	0.240012927536714	FALSE
"hsa-miR-185-3p"	0.44978652258735	3.00495834653575	3.82745674381616	0.0504193823471222	0.240012927536714	FALSE
"hsa-miR-28-5p"	-0.483703187968901	5.05513220496895	3.7926939744107	0.0514767347703909	0.24257271176269	FALSE
"hsa-miR-1296-5p"	0.498534473460753	4.53610647061599	3.78215342343739	0.0518019521146921	0.24257271176269	FALSE
"hsa-miR-769-5p"	-0.359649881216521	6.50552900039731	3.76869005637229	0.0522205143378013	0.24257271176269	FALSE
"hsa-miR-26a-2-3p"	-0.718726669705575	2.92566474840562	3.74436053394086	0.0529859982373127	0.243857305494403	FALSE
"hsa-miR-193a-5p"	0.395483874822913	7.17470603554071	3.73311621481721	0.0533437855769006	0.243857305494403	FALSE
"hsa-miR-708-3p"	1.11415940081904	3.84203747937268	3.68675215962882	0.0548463167503034	0.248751798804525	FALSE
"hsa-miR-92a-3p"	-0.358338892581339	10.4923464057469	3.66698043830937	0.0555006475722479	0.248756184333699	FALSE
"hsa-miR-99a-3p"	-0.662814543088208	3.40869688243825	3.66067613466362	0.0557110204497347	0.248756184333699	FALSE
"hsa-miR-135b-3p"	-1.14808814996066	0.664091541069635	3.64132259622809	0.056362143592257	0.248928014999494	TRUE
"hsa-miR-3156-3p"	-1.49457992401077	-0.0933970387571854	3.63390493529575	0.0566138367446767	0.248928014999494	TRUE
"hsa-miR-411-5p"	-0.426599712398326	9.14068836052279	3.62082773985504	0.0570604768893242	0.248991171880688	FALSE
"hsa-miR-6514-5p"	0.787800057039	0.61384211624122	3.60358817254672	0.0576550037234689	0.249693850712166	FALSE
"hsa-miR-500a-3p"	-0.391966917495738	6.05736495130266	3.53470669605669	0.0600969623333895	0.257064337144602	FALSE
"hsa-miR-499a-5p"	-0.679021876547036	1.3359061725203	3.5225464361329	0.0605393670619698	0.257064337144602	FALSE
"hsa-miR-23b-5p"	0.353464978199452	5.29972597114205	3.51827068583375	0.0606957462702533	0.257064337144602	FALSE
"hsa-miR-107"	-0.314666038157526	8.92907239531533	3.48500975747031	0.0619269962785792	0.260364597492421	FALSE
"hsa-let-7c-5p"	-0.338357218898249	11.1018938333724	3.43370827025407	0.0638785194509742	0.265599928201226	FALSE
"hsa-miR-485-3p"	0.693407038898319	6.51516913458814	3.42813540728864	0.0640944271180042	0.265599928201226	FALSE
"hsa-miR-652-3p"	-0.481033586453777	3.34881844885938	3.39341609633934	0.065457201914573	0.269309630734243	FALSE
"hsa-miR-190b-5p"	0.4789440701251	3.77194276254533	3.3439369981877	0.0674530337483089	0.275552818716496	FALSE
"hsa-miR-320b"	0.365730045516395	5.64139952100457	3.31364509271269	0.0687069350965947	0.278511975102692	FALSE
"hsa-miR-423-5p"	0.331894965985604	8.46546071747432	3.30321411319113	0.0691444660411198	0.278511975102692	FALSE
"hsa-miR-30d-5p"	-0.289067815684396	10.6057929753627	3.24637726092146	0.0715815066068558	0.286326026427423	FALSE
"hsa-miR-17-5p"	-0.37659791012269	6.41747206143584	3.18847296000493	0.074159255875342	0.292102509241064	FALSE
"hsa-miR-122b-5p"	1.1741384058332	2.0102218405723	3.1863553437722	0.0742553949472134	0.292102509241064	FALSE
"hsa-miR-561-5p"	1.10262775647364	0.246153423832442	3.17995035895052	0.0745469945458966	0.292102509241064	TRUE
"hsa-miR-126-3p"	0.329320098546108	8.85554737680579	3.16688374749027	0.075145698600615	0.292458935094286	FALSE
"hsa-miR-941"	0.338292990680372	8.30462724795207	3.11339166234536	0.0776511047278886	0.300181451833985	FALSE
"hsa-miR-30c-5p"	-0.397137683083252	12.1379367827585	3.01277036544278	0.0826109885033197	0.315038792391398	FALSE
"hsa-miR-10527-5p"	0.56621140973783	1.91520906126814	3.00196443906325	0.0831636234530032	0.315038792391398	FALSE
"hsa-miR-1292-5p"	0.538548932555371	1.91720357730472	3.00000692201294	0.0832641609182915	0.315038792391398	FALSE
"hsa-miR-30a-5p"	-0.361624896951391	13.522888955345	2.99189517300107	0.0836821792289651	0.315038792391398	FALSE
"hsa-miR-329-3p"	0.418975390126252	6.98501417888071	2.98111538973229	0.0842412002308169	0.315083969694484	FALSE
"hsa-miR-137-5p"	0.453816231805785	3.49914922640469	2.95103410827523	0.0858226254301505	0.316439425446599	FALSE
"hsa-miR-130a-3p"	-0.30532977389381	9.18120622885099	2.94126654550639	0.0863430062536378	0.316439425446599	FALSE
"hsa-miR-382-5p"	0.420940637915697	10.1550186085002	2.93475835876113	0.0866916343195698	0.316439425446599	FALSE
"hsa-miR-30e-3p"	-0.298209110023018	7.59530321344539	2.92548907466353	0.0871908012309798	0.316439425446599	FALSE
"hsa-miR-3613-5p"	-0.579654409839723	4.30576300816823	2.92253629561668	0.0873504663993215	0.316439425446599	FALSE
"hsa-miR-30a-3p"	-0.380494709487914	10.3377530356347	2.90058649553876	0.0885473297891426	0.318770387240913	FALSE
"hsa-miR-424-3p"	0.883844698019297	0.814558010689938	2.88266689775466	0.089537617592088	0.320333339956787	FALSE
"hsa-miR-551b-3p"	-0.662178942516642	2.95699546196443	2.85333398903091	0.091184661711523	0.32421213052986	FALSE
"hsa-miR-454-5p"	-0.536199107042933	1.8283201707971	2.83751716361617	0.0920864026870707	0.324936260412623	FALSE
"hsa-miR-140-5p"	-0.332438139847121	7.79990477215458	2.83003099107361	0.0925165741452606	0.324936260412623	FALSE
"hsa-miR-34c-5p"	-0.419872905660824	5.42590518088085	2.81711849949542	0.0932636945187707	0.325575079047345	FALSE
"hsa-miR-449a"	0.545620356525178	2.88540331388683	2.80042121590461	0.0942395462236161	0.326999871233752	FALSE
"hsa-miR-576-5p"	-0.391859802585685	3.63384838594064	2.74788566211916	0.0973831277714394	0.333592387445112	FALSE
"hsa-miR-23a-3p"	0.258535902221277	13.3324873049816	2.7476382304967	0.0973982010175955	0.333592387445112	FALSE
"hsa-miR-2277-3p"	0.636732183633623	0.965797401580187	2.7354956709833	0.0981410466925135	0.333592387445112	FALSE
"hsa-miR-195-3p"	-0.951878183343639	0.829768903063264	2.73037626645897	0.0984560865723422	0.333592387445112	TRUE
"hsa-miR-328-3p"	0.374681120610284	6.2827627783113	2.71803759597618	0.0992199326256258	0.334214509896845	FALSE
"hsa-miR-320c"	0.337269239604577	5.08575618832663	2.66756529177277	0.10241258386983	0.342963071564083	FALSE
"hsa-let-7c-3p"	-0.555274853372452	2.77356636442969	2.65592930234576	0.103164449484203	0.343483947415614	FALSE
"hsa-miR-370-5p"	0.483043201689917	3.31979528863409	2.63612290312629	0.10445818392892	0.345792608868149	FALSE
"hsa-let-7b-3p"	0.379621675445716	5.18113816224124	2.61245857484427	0.106027268484135	0.348306567699053	FALSE
"hsa-miR-192-5p"	0.29961904139948	6.80666505728211	2.59378305843001	0.107283814820948	0.348306567699053	FALSE
"hsa-let-7a-5p"	0.247815605860629	18.172039781487	2.59272738300933	0.107355330232179	0.348306567699053	FALSE
"hsa-miR-34a-5p"	-0.296610715639616	12.9307461761562	2.58858576674982	0.107636404601444	0.348306567699053	FALSE
"hsa-miR-494-5p"	0.882669876243347	0.0702542136696394	2.52991376775631	0.11170632078602	0.35768558390314	TRUE
"hsa-miR-381-3p"	-0.45047842932986	7.87917456539668	2.52619149807897	0.1119701757882	0.35768558390314	FALSE
"hsa-miR-152-5p"	0.519494156478841	1.74557622419484	2.52018038242925	0.11239772688623	0.35768558390314	FALSE
"hsa-miR-365a-3p"	-0.299281293028612	9.67471710617319	2.48642672812994	0.114832174228194	0.363424903051866	FALSE
"hsa-miR-365b-3p"	-0.298623176445432	9.67593971104161	2.47483381176232	0.115681669810801	0.364112796781538	FALSE
"hsa-miR-625-3p"	0.34648377962742	5.05491516836071	2.45757331968856	0.116959351243091	0.366133621282721	FALSE
"hsa-miR-100-5p"	-0.318062889408983	13.0423399951092	2.42130402852854	0.119695253854814	0.371278774595406	FALSE
"hsa-miR-134-5p"	0.396164998306816	9.38350976941521	2.41872986895956	0.119892104296433	0.371278774595406	FALSE
"hsa-miR-576-3p"	-0.52336777988113	1.7841335117491	2.40295466845096	0.121106318891964	0.3730333672822	FALSE
"hsa-miR-1287-5p"	-0.293336190652471	4.86100993838548	2.36536117248618	0.124055198808629	0.380084013371118	FALSE
"hsa-miR-24-3p"	0.230442831078927	14.5797717872681	2.32774337177807	0.127085992293794	0.385440530223614	FALSE
"hsa-miR-10396b-3p"	0.772977292384597	0.310477514122828	2.327059567343	0.127141841566817	0.385440530223614	TRUE
"hsa-miR-345-5p"	-0.410048985176717	5.36956419519852	2.31104455195765	0.128457700183816	0.386618302252782	FALSE
"hsa-miR-655-5p"	-0.92470578749627	0.393647146535032	2.28923113933404	0.130274442811177	0.386618302252782	TRUE
"hsa-miR-299-5p"	-0.317442339454904	7.05149955824301	2.28832158341724	0.130350815191498	0.386618302252782	FALSE
"hsa-miR-6784-3p"	-0.88706374049788	0.242738966888831	2.28765174149742	0.130407091507342	0.386618302252782	TRUE
"hsa-miR-4662a-5p"	-0.608983489734114	0.985161508335372	2.27863807826534	0.131167009869359	0.386618302252782	FALSE
"hsa-miR-3180-5p"	0.46899814409133	2.59950150968575	2.27402759074793	0.131557616738794	0.386618302252782	FALSE
"hsa-miR-5001-3p"	-0.620123343122616	0.741644567511436	2.25609169754923	0.133089569567265	0.389134985130683	FALSE
"hsa-miR-432-3p"	0.634805642037772	0.962221807036698	2.24434548896972	0.134103640208576	0.390119680606766	TRUE
"hsa-miR-323a-3p"	0.364094928329276	7.66684550375514	2.22564151257794	0.13573626789216	0.392884875908964	FALSE
"hsa-miR-380-5p"	0.420457726816914	3.46754271417948	2.20643315291621	0.137436114023242	0.39523480005996	FALSE
"hsa-miR-485-5p"	0.356195371099198	4.48107256019231	2.19281582272102	0.138655630000169	0.39523480005996	FALSE
"hsa-miR-3180-3p"	0.997304242687282	1.6503773258729	2.1926976937668	0.138666262126198	0.39523480005996	FALSE
"hsa-miR-188-3p"	-0.604690228535438	0.864461611940765	2.18575416330682	0.139292820160021	0.39523480005996	FALSE
"hsa-miR-98-5p"	0.240244645989543	9.52945267982757	2.1652554881602	0.141161159748396	0.398572686348412	FALSE
"hsa-miR-4787-3p"	0.549537249014276	0.635220001719828	2.14083378913655	0.143423920677289	0.401897461269298	TRUE
"hsa-miR-215-5p"	0.480419981736453	2.41061553964922	2.13751921049882	0.143734161495617	0.401897461269298	FALSE
"hsa-miR-1908-5p"	0.622567836128571	1.13446701076949	2.12725212945145	0.14469995382632	0.402643349777587	FALSE
"hsa-miR-135b-5p"	-0.461742069365378	4.57254359955863	2.10927527409206	0.146408640684372	0.405439312664414	FALSE
"hsa-miR-32-5p"	-0.505179239770524	4.14827907182196	2.09184306449579	0.148087321145093	0.408125822868774	FALSE
"hsa-miR-10526-3p"	0.657691340255422	0.7062461960737	2.02968535581754	0.154252539160286	0.422383856325572	FALSE
"hsa-miR-493-3p"	0.349694246276732	7.48978362866097	2.02501476539947	0.154727419591486	0.422383856325572	FALSE
"hsa-miR-450a-5p"	-1.12982108050657	0.711210863814914	1.98162251678404	0.159219582316836	0.427325545022885	FALSE
"hsa-miR-376a-3p"	0.330290583871486	7.86603253051963	1.97803799015375	0.159597253094997	0.427325545022885	FALSE
"hsa-miR-324-5p"	-0.317689972763166	6.92412740635758	1.96234794487398	0.161262432452052	0.427325545022885	FALSE
"hsa-miR-496"	0.410274047838619	3.06645083872957	1.96022123161268	0.161489660123174	0.427325545022885	FALSE
"hsa-let-7a-3p"	-0.309116093257694	7.22964072062591	1.93690705831159	0.164004754756932	0.427325545022885	FALSE
"hsa-miR-302d-3p"	0.522174333115293	1.60621369281488	1.93567556852184	0.16413884440032	0.427325545022885	FALSE
"hsa-miR-3129-5p"	0.374558564249012	1.94166577416951	1.93329559498658	0.164398340784635	0.427325545022885	FALSE
"hsa-let-7b-5p"	0.237803936149956	14.8151782446163	1.92900706951787	0.164867117420517	0.427325545022885	FALSE
"hsa-miR-455-5p"	-0.279027473373488	7.13865360481512	1.92522032388087	0.16528231545873	0.427325545022885	FALSE
"hsa-miR-216a-5p"	0.490041655132739	2.52227681365606	1.92446470202539	0.165365308703043	0.427325545022885	FALSE
"hsa-miR-148a-3p"	-0.618536651726567	7.81425553266232	1.9229179256393	0.16553534658112	0.427325545022885	FALSE
"hsa-miR-3180"	0.845761744261989	1.12015255847379	1.91161543832211	0.166783923533084	0.427325545022885	TRUE
"hsa-miR-452-5p"	-0.315393321729992	4.83250155200102	1.910484409841	0.166909459562738	0.427325545022885	FALSE
"hsa-miR-2116-3p"	-0.469144679920335	1.59638043340608	1.91035309994803	0.166924041024565	0.427325545022885	FALSE
"hsa-miR-365b-5p"	0.40284834239425	3.31700014837648	1.89054656679792	0.169140287228378	0.431083209927193	FALSE
"hsa-miR-376c-5p"	-0.408178067973415	4.68265023565437	1.86716148785617	0.171800532180888	0.432929827238446	FALSE
"hsa-miR-4423-5p"	0.49805810276224	0.821794480280435	1.85821526336641	0.172830925841049	0.432929827238446	TRUE
"hsa-miR-203a-3p"	0.4360822416258	1.81557406307924	1.8525400100327	0.17348826492385	0.432929827238446	FALSE
"hsa-miR-503-3p"	0.585481635735606	2.15203394816417	1.85138950233915	0.173621873462762	0.432929827238446	FALSE
"hsa-miR-5699-3p"	-0.541179901958738	1.35314884603078	1.84826662315958	0.173985131002034	0.432929827238446	FALSE
"hsa-miR-380-3p"	0.422594315006277	2.93484715421581	1.82936227977667	0.176202888385945	0.432929827238446	FALSE
"hsa-miR-376b-5p"	-0.405608565106612	4.59790891445923	1.82763397652853	0.176407264185354	0.432929827238446	FALSE
"hsa-miR-199a-5p"	-0.384849695092761	10.6438548633929	1.82675394347041	0.176511435131881	0.432929827238446	FALSE
"hsa-miR-154-3p"	0.5531384677596	2.19828787346058	1.82575846896158	0.176629356599019	0.432929827238446	FALSE
"hsa-miR-147b-5p"	-0.543598646806946	0.544984127561911	1.7943249891796	0.180400092954305	0.439550549278659	FALSE
"hsa-miR-181b-2-3p"	0.539248085873704	0.610796294721828	1.79056994346173	0.180856736421948	0.439550549278659	FALSE
"hsa-miR-29a-5p"	-0.297244888448031	5.55908274581162	1.75698340641842	0.185001223944145	0.447300750787699	FALSE
"hsa-miR-29b-1-5p"	0.294151266521428	6.07661372561693	1.75221316038573	0.185598749024757	0.447300750787699	FALSE
"hsa-let-7f-2-3p"	-0.445167556018572	1.86487907116259	1.72181729439007	0.189459287260869	0.45382415605763	FALSE
"hsa-miR-200b-3p"	0.366118337369157	2.36756027843588	1.71277786815722	0.190625352626688	0.45382415605763	FALSE
"hsa-miR-136-5p"	-0.502257901716957	5.2860110442953	1.71243939849346	0.19066917667699	0.45382415605763	FALSE
"hsa-miR-15b-3p"	-0.28906564729303	5.36418841613983	1.70335182925139	0.191850213700263	0.454756062104328	FALSE
"hsa-miR-191-5p"	0.209066187466962	12.2456972632695	1.69444488037448	0.193016070987385	0.45564449544563	FALSE
"hsa-let-7d-5p"	0.198435346292766	11.7186734672909	1.67470595441807	0.195629394458292	0.458473801194547	FALSE
"hsa-miR-191-3p"	0.280673257976768	3.89173532587008	1.66306253033931	0.197190333972617	0.458473801194547	FALSE
"hsa-miR-501-5p"	-0.381982309993747	1.88106343448781	1.66185253884832	0.197353383316943	0.458473801194547	FALSE
"hsa-miR-7976"	-0.450632148464042	1.01133012353953	1.66151836305252	0.197398442180986	0.458473801194547	FALSE
"hsa-miR-590-5p"	-0.385531209091212	3.20183262132912	1.64928680853962	0.199056028057707	0.460466956470841	FALSE
"hsa-miR-30c-2-3p"	-0.333971313889227	6.7934110067758	1.62412747684536	0.202517228952612	0.466599695506818	FALSE
"hsa-miR-30b-3p"	0.481552628922985	1.18493131454449	1.61455857548295	0.203852188929578	0.467026335454393	FALSE
"hsa-miR-3909"	-0.445010244292151	1.0107653550189	1.60912098268032	0.204615408866202	0.467026335454393	FALSE
"hsa-miR-331-5p"	0.36575957503787	2.17536732355014	1.60543399411784	0.205134831371461	0.467026335454393	FALSE
"hsa-miR-503-5p"	0.346189616396199	4.28226992809647	1.59405429180542	0.206747843677816	0.467891013252894	FALSE
"hsa-miR-4435"	0.577773377907548	0.876137924086073	1.59130874247349	0.207139250658833	0.467891013252894	FALSE
"hsa-miR-4775"	-0.321851949946545	3.34423052651376	1.58065933349952	0.208665747392863	0.469497931633941	FALSE
"hsa-miR-660-3p"	-0.542522140170896	0.689873133371234	1.56744958847768	0.210577782175102	0.471956430088944	FALSE
"hsa-miR-30e-5p"	-0.203127215639626	10.749155835093	1.5345474718313	0.215431231272645	0.480903375227883	FALSE
"hsa-miR-18a-3p"	-0.520314212295932	0.700653482478988	1.52915346835353	0.216239538513927	0.480903375227883	FALSE
"hsa-miR-3617-5p"	-0.412516464024538	1.6394451435173	1.51715565964529	0.218050434675981	0.4829486457646	FALSE
"hsa-miR-410-5p"	0.737048676207502	0.343714587787385	1.51121020810748	0.218954512194274	0.4829486457646	TRUE
"hsa-miR-147b-3p"	0.543337934795139	0.620189194976822	1.50649591892741	0.219674557622093	0.4829486457646	TRUE
"hsa-miR-3913-5p"	-0.626436393821656	1.58885549133446	1.48840681905993	0.222463815467414	0.487061552945999	FALSE
"hsa-miR-92b-5p"	0.445280256277309	2.49802244353706	1.48344340977647	0.223236545100249	0.487061552945999	FALSE
"hsa-miR-4521"	0.301653798508006	7.14697490305984	1.4727844681068	0.224906880735959	0.487809331416312	FALSE
"hsa-miR-24-1-5p"	-0.281847257790945	3.30936475548322	1.47046044886273	0.225273059299894	0.487809331416312	FALSE
"hsa-miR-1291"	0.398834376948159	9.10830228642034	1.45399780122278	0.227887553223659	0.49162258672969	FALSE
"hsa-miR-301a-3p"	-0.247735628963901	6.09031299281528	1.44558910010343	0.229237039539553	0.492688562592472	FALSE
"hsa-miR-455-3p"	0.251007352699502	6.54454927771902	1.43487059205594	0.23097119711188	0.494570295674509	FALSE
"hsa-miR-186-5p"	-0.208387541837191	10.5376900239987	1.42859396577683	0.231994041112716	0.494920621040461	FALSE
"hsa-miR-138-5p"	-0.333218107729789	12.2929230912707	1.41501756544221	0.234225231402188	0.497836654198008	FALSE
"hsa-miR-222-5p"	0.290278182318377	2.91578999486611	1.40604470062333	0.235714106748469	0.499159284879111	FALSE
"hsa-miR-323b-3p"	0.270550116699236	5.84770288497122	1.39175872901299	0.238108316846889	0.502382382797831	FALSE
"hsa-miR-431-3p"	0.564007619538958	2.98523950793582	1.3814380221025	0.239856351688042	0.504223571431796	FALSE
"hsa-miR-20b-5p"	-0.428064898590929	1.32209247349449	1.36910427592535	0.241965841106637	0.506808452645174	FALSE
"hsa-let-7a-2-3p"	0.225602701001749	4.97994899835926	1.35005095364161	0.245269209221177	0.511866175765934	FALSE
"hsa-miR-2110"	0.255057620358458	4.05377621535954	1.33232464163565	0.248392082348385	0.516512055713608	FALSE
"hsa-miR-1255a"	-0.485529263459583	1.08369939952505	1.32454795851726	0.249777462543136	0.517524526708081	FALSE
"hsa-miR-3129-3p"	-0.40858301142611	0.724219865310165	1.30870274169164	0.252629665400625	0.521558018891612	FALSE
"hsa-miR-7156-5p"	-0.57779411409808	0.144724100535541	1.29420730967059	0.255274042417226	0.525135172972579	TRUE
"hsa-miR-3157-5p"	0.416605090162732	0.810267558702738	1.27678076932163	0.258498455910563	0.529875838450123	FALSE
"hsa-miR-342-3p"	0.206285863577665	9.28052486959151	1.23900276707363	0.26566333150755	0.540797787896707	FALSE
"hsa-miR-361-3p"	-0.21260697577671	8.57982568706303	1.23878952888793	0.265704468706195	0.540797787896707	FALSE
"hsa-miR-1228-3p"	0.500732028835316	1.74308860885091	1.22731639865151	0.267929570126509	0.543406452087567	FALSE
"hsa-miR-101-5p"	-0.686025464434536	0.672825470594925	1.2193272823056	0.269492713536899	0.5446589578851	TRUE
"hsa-let-7f-1-3p"	-0.259714607731346	3.56454873308122	1.20449617348527	0.272424886433283	0.54865991113836	FALSE
"hsa-miR-188-5p"	-0.32195098755451	1.89649407622504	1.18514984605866	0.276310077455012	0.554545660676261	FALSE
"hsa-miR-4326"	-0.333334812185364	2.66989055869143	1.16830821357395	0.279749129909865	0.555393156844916	FALSE
"hsa-miR-491-5p"	0.199204955910455	5.63240278821502	1.16574314937673	0.2802776382409	0.555393156844916	FALSE
"hsa-miR-6892-5p"	0.49130834184374	0.640161033375691	1.16268171886747	0.280910069090208	0.555393156844916	FALSE
"hsa-miR-370-3p"	0.336939749075566	8.20174361369511	1.16070185677602	0.281320029074257	0.555393156844916	FALSE
"hsa-miR-582-3p"	-0.278180873609528	3.63947661287995	1.1541311268016	0.282686026953955	0.555393156844916	FALSE
"hsa-miR-1226-3p"	0.312118373718679	3.69455641142084	1.15089156435295	0.283362591748984	0.555393156844916	FALSE
"hsa-miR-125b-1-3p"	0.196669194735616	7.47412873583824	1.15032118809065	0.283481923806259	0.555393156844916	FALSE
"hsa-miR-758-3p"	-0.303557982083683	3.91152812057735	1.13656555331555	0.286379214797177	0.559167551603979	FALSE
"hsa-miR-362-3p"	-0.682247690633731	0.927670731664519	1.12749155170737	0.288311028547475	0.561037677173464	FALSE
"hsa-miR-532-3p"	-0.289151018449	6.01476835840873	1.12111314799141	0.289678890613532	0.561560527045316	FALSE
"hsa-miR-5010-3p"	-0.485335747889454	0.60083425537516	1.11716566917536	0.290529578228306	0.561560527045316	TRUE
"hsa-miR-382-3p"	-0.352256328252304	4.62208129114844	1.10192429702188	0.29384418910147	0.566067735526578	FALSE
"hsa-miR-1468-5p"	0.290985111150945	2.10828764702041	1.09433387466448	0.295512953374409	0.567384870478865	FALSE
"hsa-miR-27b-5p"	0.212559222785981	4.77977105275251	1.08874946577868	0.296748452971528	0.567864149207973	FALSE
"hsa-miR-32-3p"	0.269690209872704	2.6647895768003	1.07527287496833	0.299757458191643	0.571722834166843	FALSE
"hsa-miR-16-2-3p"	-0.373221678331098	2.46694781577145	1.06944645162731	0.301070512733315	0.572332063809866	FALSE
"hsa-miR-624-5p"	-0.373598148955805	0.733496799140346	1.05051928917047	0.305387520224014	0.578343256013365	FALSE
"hsa-miR-627-5p"	-0.287297741054338	2.4961009156176	1.0456864152292	0.306502640044053	0.578343256013365	FALSE
"hsa-miR-6511b-3p"	-0.364657066201643	1.80361490706316	1.04248230783633	0.3072448547571	0.578343256013365	FALSE
"hsa-miR-589-5p"	-0.19917963911287	4.42257680141173	1.0362517229834	0.308694827162399	0.579179871158116	FALSE
"hsa-miR-27b-3p"	-0.165118077268924	13.3977153453947	1.02895287195145	0.310404734863045	0.580497166497124	FALSE
"hsa-miR-877-5p"	0.314575026907466	3.24831532917798	1.02425560888285	0.311511689241328	0.580681983828494	FALSE
"hsa-miR-221-5p"	-0.195824345181122	8.40197271940121	1.01732450870121	0.313154484913243	0.581461147529179	FALSE
"hsa-miR-3609"	0.328112384984403	4.83223897993066	1.01316743456614	0.314145213731738	0.581461147529179	FALSE
"hsa-miR-337-5p"	-0.248495996405605	8.01396768482814	1.00767811092883	0.315459735035424	0.581461147529179	FALSE
"hsa-miR-145-3p"	-0.191051099591906	7.09084696061575	1.00131455912337	0.316992631972751	0.581461147529179	FALSE
"hsa-miR-425-5p"	-0.183934023180632	7.97295277345634	0.999235482300239	0.317495569506085	0.581461147529179	FALSE
"hsa-miR-1262"	0.33857506714015	2.60740918697091	0.997209934915237	0.31798656505502	0.581461147529179	FALSE
"hsa-miR-655-3p"	-0.37379333108298	3.45035474925611	0.98764983918236	0.320317453473854	0.583869788610568	FALSE
"hsa-miR-199a-3p"	-0.191557754021511	14.3396233636467	0.947518692178164	0.330351698070834	0.60026049870284	FALSE
"hsa-miR-128-3p"	0.167008546506101	11.069568056793	0.941083878777405	0.331999251579883	0.601357134937147	FALSE
"hsa-miR-760"	0.32186704324142	1.46519976278135	0.935176517975092	0.333521412799229	0.602220482045002	FALSE
"hsa-miR-1197"	0.396000846000711	1.37913480622988	0.91837525363839	0.337901939529097	0.608223491152374	FALSE
"hsa-miR-26b-3p"	-0.27241185345082	3.45031961630193	0.914212283647382	0.338999240707094	0.608297702951048	FALSE
"hsa-miR-539-5p"	0.418855994866028	1.45376687182247	0.908708559458629	0.340457308230969	0.609016799816889	FALSE
"hsa-miR-212-3p"	0.378607687023464	1.82840401874932	0.902568158380511	0.342094025636052	0.60958007873216	FALSE
"hsa-miR-3138"	0.347650956886217	0.806665705233148	0.896112850155196	0.34382614162439	0.60958007873216	FALSE
"hsa-miR-154-5p"	-0.264419492101347	6.52465125310705	0.895663724913922	0.343947093034639	0.60958007873216	FALSE
"hsa-miR-181c-5p"	-0.256849291422467	2.60357362814843	0.882192694542729	0.347601820639239	0.613406827130436	FALSE
"hsa-miR-199b-3p"	-0.185538804565648	13.2889897682735	0.871223203176669	0.350616896773653	0.613406827130436	FALSE
"hsa-miR-324-3p"	-0.241404186818425	6.11724248080914	0.869533215107849	0.351084566832816	0.613406827130436	FALSE
"hsa-miR-7704"	0.34335924835366	1.51994242462519	0.865801347003146	0.352120301814314	0.613406827130436	FALSE
"hsa-miR-330-3p"	-0.202413435787811	3.66796571681489	0.86290123530882	0.352928073132796	0.613406827130436	FALSE
"hsa-miR-330-5p"	-0.231913091537002	3.53874266391907	0.861718654491517	0.353258184910689	0.613406827130436	FALSE
"hsa-miR-3618"	-0.291352724623503	2.39921905996645	0.859097993207498	0.353991234901335	0.613406827130436	FALSE
"hsa-miR-3064-5p"	0.292929760586911	1.45871051900049	0.856835323020667	0.354625821934783	0.613406827130436	FALSE
"hsa-miR-589-3p"	-0.211415712441654	2.94890850711608	0.846186009325967	0.357633541139358	0.616757244599611	FALSE
"hsa-miR-6516-5p"	0.382683335540897	1.28128950582952	0.833451208828076	0.361276470688477	0.621179842138994	FALSE
"hsa-miR-664b-5p"	0.272258961579587	7.58883581834542	0.81952488347298	0.365319115351999	0.624697926447122	FALSE
"hsa-miR-374a-5p"	-0.184229967563727	8.93545254192878	0.818935212195214	0.365491668772014	0.624697926447122	FALSE
"hsa-miR-204-3p"	-0.559253008557943	0.255487764563315	0.814346223082795	0.366838400390508	0.625144729659564	TRUE
"hsa-miR-96-5p"	0.368381540912253	1.25540640606257	0.804115811905469	0.369865651343479	0.62718847303885	FALSE
"hsa-miR-766-3p"	0.50568291201814	0.545435227558323	0.799634344746893	0.371202716915713	0.62718847303885	TRUE
"hsa-miR-181c-3p"	-0.19544720267466	3.866672523667	0.799294831405049	0.371304286990014	0.62718847303885	FALSE
"hsa-miR-873-5p"	-0.588103095274547	0.414989779888972	0.769091892608046	0.380498129287815	0.64023085340811	TRUE
"hsa-miR-487a-5p"	0.260119875942134	2.85085321441893	0.764957354192811	0.381781570074867	0.64023085340811	FALSE
"hsa-miR-3200-3p"	-0.197278857427824	3.48091333198334	0.763100097422418	0.382360093007621	0.64023085340811	FALSE
"hsa-miR-376c-3p"	-0.196178215581187	7.73179233864763	0.743374835877482	0.388581937945152	0.647274311967159	FALSE
"hsa-miR-3615"	0.220892775593445	4.74806695645701	0.742647574884055	0.388814083230273	0.647274311967159	FALSE
"hsa-miR-127-5p"	0.325600928817302	6.10751661113283	0.72958594429951	0.393017432982297	0.651168718224347	FALSE
"hsa-miR-133a-3p"	-0.211806241147915	4.89902170042409	0.728362646272277	0.393414433927209	0.651168718224347	FALSE
"hsa-miR-628-5p"	-0.183400157694281	5.78580312867363	0.719813928013085	0.396204950914478	0.65390845766974	FALSE
"hsa-miR-5586-5p"	0.484403273893972	-0.00332358569249738	0.715636534388475	0.397578945633359	0.654301350528042	TRUE
"hsa-miR-2355-5p"	-0.367081782335586	0.423937261222624	0.711819663262197	0.398840388880603	0.654507304829708	TRUE
"hsa-miR-1185-1-3p"	0.226981091069125	5.27560129128204	0.7055342697092	0.400930324392556	0.656067803551456	FALSE
"hsa-miR-100-3p"	0.173398533399808	6.90915379994436	0.701127653944824	0.402405045424534	0.656281569935375	FALSE
"hsa-miR-2277-5p"	-0.244243402419124	1.46896679678372	0.695305904723267	0.404365487919208	0.656281569935375	FALSE
"hsa-miR-1185-5p"	-0.261030988945726	4.79575456091114	0.69496980448402	0.404479092581698	0.656281569935375	FALSE
"hsa-miR-95-3p"	0.259480993706161	3.00161612983171	0.683162164815308	0.408499966179165	0.660943765503367	FALSE
"hsa-miR-34a-3p"	-0.208029166745939	3.7766200720774	0.672066343006602	0.412332112184127	0.665275340666826	FALSE
"hsa-miR-138-1-3p"	0.21289953465802	6.06311201877799	0.664945974117216	0.414819239634881	0.666582845656963	FALSE
"hsa-miR-421"	0.14765968759572	7.45658841124135	0.661387670227673	0.416070470592076	0.666582845656963	FALSE
"hsa-miR-379-3p"	-0.222350359831691	4.28678884082905	0.659846107025683	0.416614278535602	0.666582845656963	FALSE
"hsa-miR-665"	0.242492367979084	3.88905796923752	0.648054293660077	0.420809180425509	0.671429606440702	FALSE
"hsa-miR-331-3p"	-0.198749353139676	7.11481374800046	0.634551102515353	0.42569083730775	0.676145321417234	FALSE
"hsa-miR-125b-5p"	-0.125592790525321	17.239636197707	0.631594192745979	0.426771155886327	0.676145321417234	FALSE
"hsa-miR-433-3p"	0.284255155768355	2.22253908081345	0.63018822674853	0.427286279506724	0.676145321417234	FALSE
"hsa-miR-664a-5p"	0.161753046084506	7.5145481986189	0.606404896501154	0.436144650094401	0.688272105354452	FALSE
"hsa-miR-450a-2-3p"	-0.368805443467163	0.0603150183707326	0.60176840410985	0.4379040941706	0.689160541645534	TRUE
"hsa-miR-3928-3p"	0.25698544405699	2.0589328233978	0.591236872911419	0.441941225826622	0.693116240917872	FALSE
"hsa-miR-187-3p"	-0.346194002501783	0.844475493899348	0.587783002302719	0.443277700738623	0.693116240917872	FALSE
"hsa-miR-629-5p"	-0.154277314941744	5.72461381986769	0.585804140198485	0.444046233793481	0.693116240917872	FALSE
"hsa-miR-149-5p"	-0.153793387059999	7.05679654137222	0.582764095690503	0.445230918645161	0.693116240917872	FALSE
"hsa-miR-301a-5p"	-0.223361352846845	1.92574583130278	0.578441138557142	0.446923994327896	0.693876605748971	FALSE
"hsa-miR-10a-5p"	0.259303858615916	1.59352176559523	0.570229846342422	0.450167596029496	0.697033697077929	FALSE
"hsa-miR-137-3p"	-0.187101654372837	9.4430145788366	0.55945181844961	0.454481197579072	0.701826192508164	FALSE
"hsa-miR-450b-5p"	-0.338541634232433	2.20676487555583	0.553041794799958	0.457077475197448	0.703948197095535	FALSE
"hsa-miR-15b-5p"	-0.164038160236757	9.31246815325059	0.54847940141466	0.458939676329959	0.704931342842817	FALSE
"hsa-miR-628-3p"	0.144476804768131	5.82081568340692	0.529863606236222	0.466664207890798	0.714889850385904	FALSE
"hsa-miR-1248"	0.21505764868195	11.7648803259338	0.526708298045605	0.467994056435042	0.715025401874228	FALSE
"hsa-miR-5699-5p"	-0.371508571549097	0.845114217427576	0.518369774553193	0.471537919374956	0.718533972380886	FALSE
"hsa-miR-369-3p"	0.174292041144608	6.86040828613996	0.509104540713904	0.475526750679926	0.721227164801486	FALSE
"hsa-miR-2682-5p"	0.218457256770987	3.23314425443156	0.507506991427231	0.476220056442114	0.721227164801486	FALSE
"hsa-miR-487b-5p"	0.225190688493258	2.39441940557265	0.503809184986586	0.477831163999295	0.721227164801486	FALSE
"hsa-miR-127-3p"	0.155269464205132	10.9788703044699	0.502705285656734	0.478313848878763	0.721227164801486	FALSE
"hsa-miR-106b-3p"	0.165854679835735	5.11555018672426	0.495816234078316	0.481344223692527	0.723772632343566	FALSE
"hsa-miR-128-1-5p"	0.235179492861151	1.38451693740143	0.493173489892706	0.482515088229044	0.723772632343566	FALSE
"hsa-miR-7-1-3p"	-0.160231599685813	3.89058570529946	0.489593951443877	0.484108489319992	0.724183708145608	FALSE
"hsa-miR-129-2-3p"	-0.465396162124042	0.677078354600835	0.484686476030314	0.486307169124746	0.724183708145608	TRUE
"hsa-miR-25-5p"	0.228947208252759	2.72728587114962	0.481547245537284	0.487722312626824	0.724183708145608	FALSE
"hsa-miR-2355-3p"	-0.175129268955154	2.76111177966613	0.481335101085322	0.487818192292528	0.724183708145608	FALSE
"hsa-miR-6747-3p"	0.222444720093033	1.44940641217252	0.476327002303998	0.490090761037419	0.725687090893453	FALSE
"hsa-miR-301b-3p"	-0.190791434597933	2.05753131866543	0.464310928910029	0.495616116423074	0.731986879640233	FALSE
"hsa-miR-487b-3p"	0.145549334400926	7.72552104581182	0.458287839559377	0.498425242524488	0.733009344397907	FALSE
"hsa-miR-3173-5p"	0.258543389404659	1.57852241641942	0.454787549223179	0.500070148239468	0.733009344397907	FALSE
"hsa-miR-200a-3p"	-0.194651952982522	2.07705353486728	0.454668686850809	0.500126167271488	0.733009344397907	FALSE
"hsa-miR-148b-5p"	-0.204642112368358	2.75967819737971	0.44499172738142	0.504722948972941	0.737869082762471	FALSE
"hsa-miR-887-5p"	-0.190907169937505	1.74511540450946	0.432146950270131	0.510937348577853	0.743838978687909	FALSE
"hsa-miR-769-3p"	0.146852944156924	4.51107657978298	0.423964239006994	0.51496556495013	0.743838978687909	FALSE
"hsa-miR-194-5p"	0.144053855197739	6.36534898544886	0.423705192850377	0.515093991384027	0.743838978687909	FALSE
"hsa-miR-126-5p"	0.138741811717683	5.91049644990165	0.421090938143233	0.516393188736495	0.743838978687909	FALSE
"hsa-miR-140-3p"	-0.109023412336841	9.28388941762004	0.415920370721864	0.518979751544636	0.743838978687909	FALSE
"hsa-miR-495-5p"	0.203485657028213	3.4231195295338	0.414166753589917	0.519862166303728	0.743838978687909	FALSE
"hsa-miR-29b-2-5p"	-0.143450919459069	5.83250965112347	0.414036320934954	0.51992790513434	0.743838978687909	FALSE
"hsa-miR-1307-5p"	-0.155631419193826	6.33635903914133	0.411024825542441	0.52144980222261	0.743838978687909	FALSE
"hsa-miR-151a-3p"	0.106480720383949	11.2623210872367	0.409425777054025	0.522261102191835	0.743838978687909	FALSE
"hsa-miR-190a-5p"	-0.129510395574665	8.32275302899617	0.407279849803174	0.523353384993267	0.743838978687909	FALSE
"hsa-miR-340-3p"	-0.210895676314533	2.16170868272241	0.405908470668004	0.524053543612847	0.743838978687909	FALSE
"hsa-miR-1301-3p"	0.133623329207218	5.75847087703356	0.40523011298713	0.524400494560427	0.743838978687909	FALSE
"hsa-miR-770-5p"	0.297909664470666	0.91470375929989	0.402901571887632	0.525594556121491	0.743838978687909	FALSE
"hsa-miR-342-5p"	0.178155933936122	2.91112603715709	0.399846016294354	0.52716879116538	0.744238293409949	FALSE
"hsa-miR-132-3p"	0.147850778348852	6.83295924832337	0.39672243960505	0.528786798417692	0.744697300461101	FALSE
"hsa-miR-28-3p"	-0.10925078696259	9.51284480222749	0.387977150810215	0.533364618116715	0.747046578929935	FALSE
"hsa-miR-152-3p"	0.0976705596776059	11.469601213957	0.386369773851424	0.53421380185742	0.747046578929935	FALSE
"hsa-miR-214-5p"	-0.207350172350778	2.70358296700145	0.386120304750625	0.534345816873495	0.747046578929935	FALSE
"hsa-miR-199b-5p"	-0.648217452942227	3.32308857711254	0.383595770883735	0.53568509534557	0.747105605130868	FALSE
"hsa-miR-618"	0.333141033790788	0.580863143349087	0.379870237438922	0.537672691249501	0.748066353042783	TRUE
"hsa-miR-16-1-3p"	-0.213166186821843	1.56292453195228	0.372915062725154	0.541419581160795	0.749230403323859	FALSE
"hsa-miR-1306-3p"	-0.228798466691702	0.825257914612398	0.372251237690099	0.5417797007453	0.749230403323859	FALSE
"hsa-miR-411-3p"	0.218674263310599	2.47043607513875	0.371088399583236	0.542411594073002	0.749230403323859	FALSE
"hsa-miR-544a"	-0.322815655012837	0.544741238334563	0.366370118040264	0.544989543810372	0.750990376159747	TRUE
"hsa-miR-433-5p"	-0.275327241967535	1.05740741805454	0.363444605858665	0.546599385464384	0.751411088371087	TRUE
"hsa-miR-409-5p"	0.132072105666967	6.6840727024369	0.355476049741863	0.551029520407706	0.755697627987711	FALSE
"hsa-miR-598-3p"	-0.143542477459584	6.43024517255927	0.350977421345767	0.553560356402094	0.757365238212841	FALSE
"hsa-miR-582-5p"	-0.193700086398021	3.3304212879751	0.345908724819255	0.556438289152113	0.759498707468288	FALSE
"hsa-miR-654-3p"	-0.146851012173157	9.02478164758076	0.338848245205035	0.560494792208869	0.763226951092928	FALSE
"hsa-miR-494-3p"	0.115660051194327	8.79223180020938	0.326804821623043	0.56754660971993	0.771006715091226	FALSE
"hsa-miR-222-3p"	0.0904401463113882	11.6839019553742	0.323859973361664	0.569297124132448	0.771565043530094	FALSE
"hsa-miR-625-5p"	-0.10474759543502	5.77142740160486	0.31652694609404	0.573702336932242	0.775710202049228	FALSE
"hsa-miR-766-5p"	-0.337566399053989	0.448813564795972	0.3103835330495	0.577444929472372	0.776189292137732	TRUE
"hsa-miR-130b-5p"	-0.163068109519665	4.28230254043919	0.309338373788149	0.578086469639306	0.776189292137732	FALSE
"hsa-let-7i-5p"	0.0927081578994879	14.6234971633787	0.309317467950677	0.578099316540082	0.776189292137732	FALSE
"hsa-miR-17-3p"	-0.16848610852961	3.25951718367333	0.30647446724546	0.579851694184089	0.776731571744268	FALSE
"hsa-miR-539-3p"	0.189590791367098	3.91132292347419	0.301497550052654	0.582945111038098	0.779063535865301	FALSE
"hsa-miR-542-3p"	0.148232908136088	5.14020317778312	0.298134095375929	0.585054546745037	0.780072728993383	FALSE
"hsa-miR-454-3p"	-0.102677316828278	8.87755453862541	0.28708214289183	0.592096457824793	0.787638706020971	FALSE
"hsa-miR-887-3p"	-0.110852241107478	4.99657898676031	0.266510660799122	0.605682113593518	0.801797793614962	FALSE
"hsa-miR-337-3p"	0.13465038933153	5.10063977543391	0.265370455539181	0.606454354599835	0.801797793614962	FALSE
"hsa-miR-1277-3p"	-0.207680267083316	1.20698164957461	0.26468975051706	0.606916385444658	0.801797793614962	FALSE
"hsa-miR-361-5p"	-0.0865272638378302	10.0827469898235	0.262017586415482	0.608737421972582	0.802363283881481	FALSE
"hsa-miR-185-5p"	-0.0903558637314485	9.33137990091261	0.256882761033296	0.612269873634875	0.803714570993516	FALSE
"hsa-miR-377-5p"	0.169506664643368	2.75631085742854	0.25605750648299	0.61284173134381	0.803714570993516	FALSE
"hsa-miR-339-5p"	-0.130125810290792	7.86764488854801	0.25446486120148	0.613948630620047	0.803714570993516	FALSE
"hsa-miR-23c"	0.173513555808391	0.952281968352066	0.252056127275045	0.61563100177682	0.804089471708499	FALSE
"hsa-miR-34c-3p"	-0.217733918516334	1.94068632588621	0.241174322175892	0.623359241063396	0.809088806143512	FALSE
"hsa-miR-134-3p"	0.340062836903051	0.316670304174301	0.241095614010746	0.623415922123691	0.809088806143512	TRUE
"hsa-miR-425-3p"	0.110865784455458	5.74557109559061	0.240284091882458	0.624001003919968	0.809088806143512	FALSE
"hsa-miR-374b-3p"	-0.151822378686289	3.51389501597108	0.238795686699126	0.625077289468512	0.809088806143512	FALSE
"hsa-miR-376a-2-5p"	0.193250196891697	2.5843656059815	0.22439276851086	0.635713041441492	0.816709997979029	FALSE
"hsa-miR-4677-3p"	-0.108625621277086	3.11389113829326	0.222569259937548	0.637089205864393	0.816709997979029	FALSE
"hsa-miR-545-5p"	-0.171810659738123	1.43434516973213	0.222288716231088	0.637301537686839	0.816709997979029	FALSE
"hsa-miR-186-3p"	0.136752999594868	2.16014453893553	0.221695777427771	0.637750847748161	0.816709997979029	FALSE
"hsa-miR-92b-3p"	0.0979247764711724	4.97813246767275	0.221187680782871	0.638136451529149	0.816709997979029	FALSE
"hsa-miR-7-5p"	0.113364310666368	10.4255266025521	0.219432605159454	0.639472585223163	0.816709997979029	FALSE
"hsa-miR-6513-3p"	-0.200195609741776	0.918698654967369	0.216213726286186	0.64194013776586	0.818047609188352	FALSE
"hsa-miR-22-5p"	-0.0880065830047471	7.27570865625072	0.203197988479054	0.652151810934625	0.829226143704953	FALSE
"hsa-miR-26b-5p"	-0.0688815966538121	12.9086122672164	0.194884362648054	0.658882119409594	0.835465715077336	FALSE
"hsa-miR-22-3p"	-0.0765050665629592	11.5239595932672	0.193572311994672	0.65995989645866	0.835465715077336	FALSE
"hsa-miR-1843"	0.0995262755325144	3.67687636656336	0.188400409216889	0.664251290776388	0.838710092735889	FALSE
"hsa-miR-329-5p"	0.132806599964424	3.93300240575623	0.18636840383123	0.665956509151356	0.838710092735889	FALSE
"hsa-miR-145-5p"	0.0742741939916126	11.1900784260409	0.185260356270646	0.666891011237912	0.838710092735889	FALSE
"hsa-miR-548j-5p"	0.139024363599537	1.36348420351619	0.176794662928041	0.674142451592322	0.84598268435115	FALSE
"hsa-miR-942-5p"	-0.128791397581	3.16354051831978	0.168883139160869	0.681106310544976	0.852527053349767	FALSE
"hsa-miR-31-5p"	0.0780745271886793	12.7328279786765	0.167528561130553	0.682317659017783	0.852527053349767	FALSE
"hsa-miR-668-3p"	0.203920988207487	1.65323687329555	0.163642489552366	0.685824867681596	0.854571892394594	FALSE
"hsa-let-7g-3p"	-0.135049271166749	1.44603702788904	0.162438277390934	0.68692150378246	0.854571892394594	FALSE
"hsa-miR-501-3p"	-0.0942971241136167	3.45179284222114	0.157324441405359	0.691631880403387	0.858577506707653	FALSE
"hsa-miR-505-5p"	0.0841340492337006	4.70793385768757	0.150876444011061	0.697699200180496	0.863769333988372	FALSE
"hsa-miR-12136"	-0.110739224945158	8.44243177055813	0.149709228642365	0.698813384789204	0.863769333988372	FALSE
"hsa-miR-296-3p"	-0.238958955420411	4.41094691021656	0.141503672258487	0.706790711093192	0.871758992697384	FALSE
"hsa-miR-671-3p"	0.0803979956115291	3.71840457301283	0.137506827251988	0.710772251858756	0.874504701160922	FALSE
"hsa-miR-151a-5p"	0.0715103649106934	8.85407953614582	0.136234693058473	0.712053307021653	0.874504701160922	FALSE
"hsa-miR-214-3p"	0.0855832545556749	4.60879304021701	0.129791955979385	0.718647843629177	0.879402568224764	FALSE
"hsa-miR-877-3p"	-0.152672758924704	1.58554464708154	0.129361663312154	0.719094808392125	0.879402568224764	FALSE
"hsa-miR-132-5p"	-0.0935325928531237	3.70541458420115	0.123220275508665	0.72556774983403	0.884913286628217	FALSE
"hsa-miR-2682-3p"	-0.110725762739528	3.90907483408225	0.122187862764757	0.726673584331852	0.884913286628217	FALSE
"hsa-miR-6720-3p"	0.159942771403732	0.984312107443417	0.119714981927252	0.72934382038786	0.885430554099567	FALSE
"hsa-miR-345-3p"	-0.167365306784043	0.86237319646223	0.116842740797459	0.732484344548178	0.885430554099567	FALSE
"hsa-miR-377-3p"	0.106822444242768	4.18010031716461	0.116086464757609	0.733318417589873	0.885430554099567	FALSE
"hsa-miR-656-3p"	-0.163347537574413	1.80629583012849	0.114874608048998	0.734661282350906	0.885430554099567	TRUE
"hsa-miR-490-5p"	0.282055401902588	1.51858141906431	0.114763871287382	0.734784383436793	0.885430554099567	FALSE
"hsa-miR-181d-5p"	-0.0765682828191017	3.74619601912009	0.112377348950421	0.737453622782511	0.886791830318845	FALSE
"hsa-miR-2278"	0.127002988621969	1.01438381376459	0.109657432810496	0.740534481159792	0.888641377391751	FALSE
"hsa-miR-548ay-3p"	-0.131545861998736	1.0068633780614	0.105147771342687	0.745737437282992	0.893024457120589	FALSE
"hsa-miR-217-5p"	-0.122032295064751	1.20553948098247	0.102829031298358	0.74846074127853	0.894426114058991	FALSE
"hsa-miR-193a-3p"	0.138322158900634	0.644891821567265	0.0991490240928883	0.752853238027649	0.897812557150986	FALSE
"hsa-miR-106b-5p"	-0.0707517321953499	3.90602741531284	0.0973045864118829	0.755088531123342	0.898601313063045	FALSE
"hsa-let-7f-5p"	0.0459524199206633	15.577875915219	0.0960398165993865	0.756634786172876	0.898601313063045	FALSE
"hsa-miR-758-5p"	-0.142985858814892	1.74458973794596	0.0931296892389772	0.760235481490822	0.901019829915049	FALSE
"hsa-miR-1293"	0.0910074519742789	1.71795745737388	0.0883387266114459	0.766299840194265	0.904232797985272	FALSE
"hsa-miR-1270"	0.0755651036217434	3.02061098165617	0.0881616157975071	0.766527420220568	0.904232797985272	FALSE
"hsa-miR-381-5p"	0.132899816095897	0.9437365166763	0.0859669107219041	0.769368409869948	0.904232797985272	TRUE
"hsa-miR-1180-3p"	-0.0701919439162269	4.67872251956468	0.0851625985647768	0.770419423539163	0.904232797985272	FALSE
"hsa-miR-27a-5p"	-0.134317085686802	4.16041662365835	0.0848756672338151	0.77079566633814	0.904232797985272	FALSE
"hsa-miR-3605-5p"	0.0849048753737218	1.38855266220722	0.0807163361168521	0.776328991381514	0.907990894324516	FALSE
"hsa-miR-3661"	0.10169638460403	0.743287591653178	0.0797293531256433	0.777664518480735	0.907990894324516	FALSE
"hsa-miR-487a-3p"	0.108369291947652	1.68448252048569	0.0789478833770234	0.778728301729707	0.907990894324516	FALSE
"hsa-miR-6511a-3p"	-0.101529142946269	3.23736664164502	0.0757062229681358	0.783202813229277	0.909227349061089	FALSE
"hsa-miR-383-5p"	-0.104843326891993	1.40011825901575	0.0745491176177944	0.784824894565288	0.909227349061089	FALSE
"hsa-miR-339-3p"	0.0606822343511678	5.68873447648209	0.0742924032972265	0.785186598320084	0.909227349061089	FALSE
"hsa-miR-504-5p"	0.0740075922549065	3.71527730855026	0.0726824968923552	0.787470373519272	0.909227349061089	FALSE
"hsa-miR-671-5p"	0.0573129131456128	7.09469366504132	0.0725347400737295	0.787681331912298	0.909227349061089	FALSE
"hsa-miR-874-5p"	-0.0750152565634537	3.03729352857225	0.0702894464830592	0.790915811843896	0.910919251255466	FALSE
"hsa-miR-33a-5p"	-0.124956787910547	0.834962552086993	0.0692188924428576	0.792477484477287	0.910919251255466	FALSE
"hsa-miR-299-3p"	-0.0733841371812476	5.18076747797278	0.0674496736656036	0.795086899812383	0.910919251255466	FALSE
"hsa-miR-654-5p"	0.113309827954178	0.384748257093702	0.0671900445165705	0.795472887815103	0.910919251255466	TRUE
"hsa-miR-664a-3p"	0.068431893811301	4.64387006392749	0.0645082842886993	0.799507292385512	0.912231205123404	FALSE
"hsa-miR-296-5p"	-0.0569486212803026	3.98131443650318	0.064325142712343	0.799786039214096	0.912231205123404	FALSE
"hsa-miR-3179"	0.198462157975097	1.46673533420424	0.062472718795533	0.802629548615337	0.913665256921807	FALSE
"hsa-miR-548h-5p"	-0.215122838215012	1.53247860261603	0.0603684375273055	0.805914554863325	0.915595233927565	FALSE
"hsa-miR-302a-3p"	0.0952027173574978	1.6285060200885	0.0590623863387263	0.807984061244599	0.916139408025372	FALSE
"hsa-miR-320d"	0.0545491548274247	4.15622712383745	0.0568821341749906	0.811493503661279	0.918310919663844	FALSE
"hsa-miR-302a-5p"	0.0806906816047473	4.11319568629201	0.0539106977537589	0.816392950352367	0.922043802750909	FALSE
"hsa-miR-641"	-0.0710923544998623	1.76775272672434	0.0492986690004118	0.824288166241495	0.926436473645294	FALSE
"hsa-miR-23b-3p"	0.0368367282350936	12.1411862190426	0.0478227427869626	0.826896122763986	0.926436473645294	FALSE
"hsa-miR-6516-3p"	0.0934661392060553	1.07976584436516	0.0475409658045294	0.827398795716787	0.926436473645294	FALSE
"hsa-miR-1185-2-3p"	-0.0801231206773709	2.61446354774181	0.0473238451908538	0.827787191070745	0.926436473645294	FALSE
"hsa-miR-369-5p"	-0.0509190956942209	7.88712393462947	0.0464619194782201	0.829338322188487	0.926436473645294	FALSE
"hsa-miR-889-3p"	-0.0549902843307487	5.80446485379452	0.0451319987633676	0.831761496271289	0.926436473645294	FALSE
"hsa-miR-431-5p"	-0.0583338933344524	6.41886660698148	0.0442161918862167	0.833451902575591	0.926436473645294	FALSE
"hsa-miR-424-5p"	-0.0625254707288263	4.72399423648111	0.0427209709626384	0.836251561662426	0.926436473645294	FALSE
"hsa-miR-3199"	0.155396653790915	0.447955398949461	0.0425116518469544	0.836647545400422	0.926436473645294	TRUE
"hsa-miR-34b-3p"	0.0725111859411036	2.89994285624385	0.0419712362361864	0.837674611147668	0.926436473645294	FALSE
"hsa-miR-193b-3p"	-0.0535685485341532	3.71354784409141	0.0416351385380285	0.838316846726243	0.926436473645294	FALSE
"hsa-miR-338-3p"	-0.103411951304157	1.32582789915524	0.0409766220197092	0.839583054241048	0.926436473645294	FALSE
"hsa-miR-1277-5p"	0.0446277580069308	4.62372774554936	0.0384278284138464	0.844586550131254	0.926595025238365	FALSE
"hsa-miR-6770-3p"	0.184606721708583	0.38331684877081	0.0382069885319236	0.84502808951865	0.926595025238365	TRUE
"hsa-miR-130b-3p"	-0.0406734676179677	6.79845432579387	0.0380394001463671	0.845364044638647	0.926595025238365	FALSE
"hsa-miR-25-3p"	-0.0390628277334349	10.5738430754433	0.0376431619586128	0.846161429297535	0.926595025238365	FALSE
"hsa-miR-545-3p"	-0.0663095897236658	1.42362115267503	0.0356708507379766	0.850196836118438	0.929247395833435	FALSE
"hsa-miR-3605-3p"	-0.0401421748353643	3.80089854161869	0.0326137453865203	0.85668723820921	0.933637985645597	FALSE
"hsa-miR-30c-1-3p"	-0.0432543113809755	3.08612133292666	0.0322157648294601	0.857554926756351	0.933637985645597	FALSE
"hsa-miR-551b-5p"	0.089161867624474	0.437694251349494	0.0315239012143911	0.8590766187364	0.933637985645597	TRUE
"hsa-miR-484"	-0.0461530806847161	3.41841863979041	0.028912566624677	0.864981072631131	0.938284553362582	FALSE
"hsa-miR-376b-3p"	-0.0507560846697354	4.30070349450509	0.0254392915918302	0.873277325216847	0.945503269407714	FALSE
"hsa-miR-27a-3p"	0.029881616180552	11.7921916774049	0.0235191371206156	0.878114779071704	0.948438548603268	FALSE
"hsa-let-7e-3p"	-0.0314705743248117	4.18384101806206	0.0230675389696411	0.879281571100946	0.948438548603268	FALSE
"hsa-miR-221-3p"	-0.0222715122539117	14.42387701391	0.0219562818938357	0.882203459402888	0.949509817094413	FALSE
"hsa-miR-542-5p"	-0.047874899023324	1.8334725891361	0.0214455703327308	0.883571635351745	0.949509817094413	FALSE
"hsa-miR-224-5p"	0.027785813689128	8.50593749600911	0.0200739138745636	0.887330845658412	0.9517738679688	FALSE
"hsa-miR-379-5p"	0.02683311239914	10.1077067862415	0.0180369517155148	0.893163994024707	0.956249926688162	FALSE
"hsa-miR-505-3p"	-0.0253531577209368	6.19267170295634	0.0173841335142768	0.89510380428875	0.956548777867013	FALSE
"hsa-let-7g-5p"	-0.0198106534919175	11.8207916243019	0.0156537380872805	0.900432587855718	0.960461427046099	FALSE
"hsa-miR-9-5p"	-0.0332495938055216	2.96393189014932	0.013408582582664	0.907814669150791	0.965955706708544	FALSE
"hsa-miR-486-5p"	0.0241384480933832	7.12072524811987	0.0130825188164749	0.908937487909776	0.965955706708544	FALSE
"hsa-miR-412-3p"	-0.0810034164893158	0.289964668277575	0.0115699843101309	0.914341664928185	0.969706671095863	TRUE
"hsa-miR-4485-3p"	-0.0899041789202153	5.19438191766364	0.0111688407023927	0.915834078257204	0.969706671095863	FALSE
"hsa-miR-744-3p"	-0.0252741095763661	2.12658978743483	0.00867368077776054	0.925798220650084	0.977324208109582	FALSE
"hsa-miR-6720-5p"	-0.040067939047036	1.46309760102067	0.00852807108457654	0.926421905603874	0.977324208109582	FALSE
"hsa-miR-570-3p"	0.0398068119709828	0.913123968085966	0.00755831371644611	0.930720346800306	0.980063838678201	FALSE
"hsa-miR-4485-5p"	0.0352520695605127	2.37802018593047	0.00609985334009444	0.937747267988989	0.984798102541189	FALSE
"hsa-miR-103a-3p"	0.0113407021832801	13.9195617645955	0.00592664887068395	0.938635691484571	0.984798102541189	FALSE
"hsa-miR-493-5p"	0.0154448626710528	7.56502220899462	0.00469875779747131	0.94534982080844	0.986620215211955	FALSE
"hsa-miR-874-3p"	-0.0165241714583822	4.85354032877166	0.00431496297099621	0.947625925642635	0.986620215211955	FALSE
"hsa-miR-574-5p"	0.0146531651778841	3.78661936262747	0.00374698517397043	0.951189877149283	0.986620215211955	FALSE
"hsa-miR-197-3p"	-0.0140180283411797	6.3246835715358	0.00366351235751239	0.951735947715512	0.986620215211955	FALSE
"hsa-let-7i-3p"	-0.0156043946263557	5.9964815683461	0.00323419806449454	0.954648743998886	0.986620215211955	FALSE
"hsa-miR-1271-5p"	0.0150557355570191	4.90990907034065	0.00309569601558213	0.9556294116076	0.986620215211955	FALSE
"hsa-miR-1260b"	0.0198548523642211	2.2891545642227	0.00266218478168589	0.958850316562203	0.986620215211955	FALSE
"hsa-miR-151b"	-0.0128475052235888	3.51810798933388	0.00253067989044009	0.959878651385944	0.986620215211955	FALSE
"hsa-miR-490-3p"	0.0441185474290274	2.03291146826288	0.00247573301713722	0.960316241700917	0.986620215211955	FALSE
"hsa-miR-378d"	0.0337728923150561	0.249347475076649	0.00244990291995251	0.960523631146438	0.986620215211955	TRUE
"hsa-miR-664b-3p"	-0.0172526212557554	2.42551022438465	0.00235082816304111	0.961329447948066	0.986620215211955	FALSE
"hsa-miR-410-3p"	-0.0188179122279533	1.04442423196771	0.00224832260287555	0.962181294423296	0.986620215211955	TRUE
"hsa-miR-6859-5p"	0.0226738193931914	1.27520777277787	0.00219408972411994	0.962639862758887	0.986620215211955	FALSE
"hsa-miR-148b-3p"	-0.00845458563668444	9.79018278521386	0.00181855132382225	0.965984941085606	0.988290099583142	FALSE
"hsa-miR-155-5p"	-0.00730541623434507	9.43148440339185	0.00128938590934524	0.971355700857586	0.988565424453912	FALSE
"hsa-miR-302b-3p"	-0.0145641889943085	3.61303712207485	0.00125398907937679	0.971751448755164	0.988565424453912	FALSE
"hsa-miR-6859-3p"	-0.0176542036366806	0.0672477152637094	0.00118470655008984	0.972542580996733	0.988565424453912	TRUE
"hsa-miR-1267"	0.0127077580965294	0.906412094504632	0.00104983600498354	0.974152127145404	0.988565424453912	FALSE
"hsa-miR-98-3p"	-0.00843412972451897	3.29460772264008	0.000984797077140165	0.974965313362409	0.988565424453912	FALSE
"hsa-miR-141-3p"	0.00898457384869179	1.32784037275999	0.000722830143677022	0.978551058165934	0.988565424453912	FALSE
"hsa-miR-5701"	0.0112086055982606	0.581645022340088	0.000569877541651387	0.980954622510791	0.988565424453912	FALSE
"hsa-miR-423-3p"	-0.00411905401939685	8.36925316944436	0.000501103806755054	0.982140567996784	0.988565424453912	FALSE
"hsa-miR-376a-5p"	0.00741551087091271	3.81971160859794	0.000496934298896079	0.982215011857177	0.988565424453912	FALSE
"hsa-miR-93-5p"	0.0041553123304629	11.0471050087831	0.000432043178534514	0.983416646201548	0.988565424453912	FALSE
"hsa-miR-9-3p"	-0.00722709211546379	1.39428701734693	0.000326831678146178	0.985576240344898	0.989010303900106	FALSE
"hsa-miR-31-3p"	0.00235371074841368	6.26525895507473	0.000145577630802585	0.990373313079029	0.992095701449602	FALSE
"hsa-miR-1306-5p"	-0.00276851521781871	2.72089063630557	6.46710595395561e-05	0.993583615683669	0.993583615683669	FALSE
